Sum of Current % of Portfolio,Column Labels,,,,,,,,,,,,,,,,,,,,,,,,,,,,,,,,,,,,,,,,,,,,,,,,,,,,,,,,,,,,,,,,,,,,,,,,,,,,,,,,,,,,,,,,,,,,,,,,,,,,
,2001,,,,2001 Total,2002,,,,2002 Total,2003,,,,2003 Total,2004,,,,2004 Total,2005,,,,2005 Total,2006,,,,2006 Total,2007,,,,2007 Total,2008,,,,2008 Total,2009,,,,2009 Total,2010,,,,2010 Total,2011,,,,2011 Total,2012,,,,2012 Total,2013,,,,2013 Total,2014,,,,2014 Total,2015,,,,2015 Total,2016,,,,2016 Total,2017,,,,2017 Total,2018,,,,2018 Total,2019,,,,2019 Total,2020,,2020 Total,Grand Total,,
Row Labels,Qtr1,Qtr2,Qtr3,Qtr4,,Qtr1,Qtr2,Qtr3,Qtr4,,Qtr1,Qtr2,Qtr3,Qtr4,,Qtr1,Qtr2,Qtr3,Qtr4,,Qtr1,Qtr2,Qtr3,Qtr4,,Qtr1,Qtr2,Qtr3,Qtr4,,Qtr1,Qtr2,Qtr3,Qtr4,,Qtr1,Qtr2,Qtr3,Qtr4,,Qtr1,Qtr2,Qtr3,Qtr4,,Qtr1,Qtr2,Qtr3,Qtr4,,Qtr1,Qtr2,Qtr3,Qtr4,,Qtr1,Qtr2,Qtr3,Qtr4,,Qtr1,Qtr2,Qtr3,Qtr4,,Qtr1,Qtr2,Qtr3,Qtr4,,Qtr1,Qtr2,Qtr3,Qtr4,,Qtr1,Qtr2,Qtr3,Qtr4,,Qtr1,Qtr2,Qtr3,Qtr4,,Qtr1,Qtr2,Qtr3,Qtr4,,Qtr1,Qtr2,Qtr3,Qtr4,,Qtr1,Qtr2,,,ETF,% of Portfolio
Communications,5.5231,5.7885,5.6963,5.5975,22.6054,5.4681,4.7015,5.7693,6.2341,22.173,6.1783,6.25,5.5013,5.7908,23.7204,6.1154,6.2684,6.5644,6.5314,25.4796,6.0589,5.5061,4.217,3.5874,19.3694,3.3622,3.2356,2.8852,2.725,12.208,2.6315,2.3696,2.2124,2.1839,9.3974,1.8704,1.7142,1.4598,1.3531,6.3975,1.5282,1.2665,1.5065,1.3676,5.6688,1.5631,1.5775,1.4648,1.4947,6.1001,1.4401,1.3224,0.9847,1.0194,4.7666,0.9956,1.3415,1.4171,1.6022,5.3564,2.6967,2.8046,3.3706,3.3422,12.2141,3.5837,2.8172,3.1753,3.6734,13.2496,3.9864,3.9296,3.6609,3.8309,15.4078,4.3394,4.193,4.6683,4.5384,17.7391,4.5999,4.952,4.5962,4.1589,18.307,4.0511,3.9663,3.6832,3.8247,15.5253,3.7933,3.9006,3.7923,3.6987,15.1849,4.1155,4.0496,8.1651,279.0355,XLC,3.8247
CONSUMER DISCRETIONARY,3.4773,4.8921,4.9522,5.6426,18.9642,5.1763,4.8523,4.7905,4.8972,19.7163,5.0273,5.0662,5.0923,5.1497,20.3355,4.9432,5.5731,5.8829,5.9331,22.3323,5.5664,5.2941,4.9547,4.5801,20.3953,4.4079,3.9479,4.516,4.0214,16.8932,3.4774,3.4687,3.4122,3.1124,13.4707,3.2954,2.9229,2.7933,2.4802,11.4918,2.811,2.443,2.4374,2.3522,10.0436,2.9667,2.7636,1.3697,0.5467,7.6467,0.5234,0.522,0.7864,2.0579,3.8897,2.8119,3.4634,3.9224,5.1052,15.3029,4.3483,4.903,5.0822,5.4994,19.8329,5.0953,4.5523,4.96,5.5553,20.1629,5.7147,5.6822,2.5618,2.5482,16.5069,2.5429,2.4467,2.6052,2.4516,10.0464,2.36,2.3211,2.3837,2.1294,9.1942,2.0503,2.1549,1.7898,2.4705,8.4655,2.8975,2.109,2.072,1.9173,8.9958,1.7667,1.8705,3.6372,277.324,XLY,2.4705
CONSUMER STAPLES,43.5279,41.5455,46.0285,44.3632,175.4651,44.2882,47.1022,45.639,41.8464,178.8758,41.0535,40.0735,38.1021,39.8249,159.054,39.0901,39.7303,35.7709,36.6667,151.258,41.8007,42.6836,41.813,39.675,165.9723,37.428,36.5789,35.5601,34.7172,144.2842,32.9191,34.804,36.8452,40.064,144.6323,40.5619,36.3963,35.6487,38.7792,151.3861,43.2825,39.2335,39.3474,39.7473,161.6107,42.8704,42.918,45.5189,45.3304,176.6377,43.516,42.8614,40.5519,38.3216,165.2509,34.8744,34.2787,31.8274,29.6344,130.6149,29.0438,26.4369,25.3298,24.0969,104.9074,23.3243,24.2045,24.6078,25.1726,97.3092,24.4618,22.5701,36.986,37.3436,121.3615,37.8417,39.0233,37.0579,30.99,144.9129,29.299,28.7883,24.8369,23.3584,106.2826,20.4535,19.9746,16.9625,18.5125,75.9031,15.283,15.2266,14.996,14.2518,59.7574,15.7388,15.0092,30.748,2646.2241,XLP,18.5125
ENERGY,,,,,,,,0.007,0.0154,0.0224,0.0548,0.0636,0.0712,0.1079,0.2975,0.094,0.0843,0.1036,0.097,0.3789,0.1114,0.1243,0.1307,0.1266,0.493,2.6096,2.6184,2.2362,2.5188,9.983,2.2664,2.3321,2.211,2.2482,9.0577,2.0077,8.8708,8.7992,7.9789,27.6566,6.8246,5.6555,4.7415,3.3743,20.5959,3.4892,3.1288,3.4961,3.8303,13.9444,4.3423,3.9251,3.1722,3.2056,14.6452,2.9374,3.6317,3.9487,4.2532,14.771,4.5646,7.6408,7.9299,7.8237,27.959,6.3283,5.7154,5.1822,1.4382,18.6641,1.2897,2.778,4.3587,4.4234,12.8498,5.7623,5.3208,5.0772,4.7116,20.8719,3.9489,4.115,4.1603,4.2678,16.492,2.3195,1.9939,0.7871,0.7242,5.8247,0.4398,0.4107,0.5602,0.5363,1.947,0.2595,0.1599,0.4194,216.8735,XLE,0.7242
FINANCE,43.1115,42.1752,38.1666,39.3557,162.809,40.1715,39.0144,40.4428,40.9932,160.6219,40.8024,41.7953,45.1605,43.7934,171.5516,44.8702,43.387,46.8601,47.8566,182.9739,43.6553,43.1741,45.4119,48.4171,180.6584,47.786,46.6471,47.3829,45.8466,187.6626,42.8737,41.1488,39.6661,35.0306,158.7192,33.8771,30.4441,33.8434,31.5005,129.6651,25.7101,31.81,33.3082,34.2553,125.0836,42.7993,40.654,40.7386,42.8689,167.0608,43.2393,37.7886,31.9975,32.6872,145.7126,35.7768,36.6416,37.3483,38.2717,148.0384,38.3495,40.1526,40.6976,42.6186,161.8183,44.1066,45.6452,44.2966,46.5973,180.6457,45.7226,45.8935,36.2346,36.268,164.1187,33.4611,32.6273,32.8349,34.2321,133.1554,32.5759,33.6641,41.4278,42.6298,150.2976,40.9198,40.4963,42.5871,45.5183,169.5215,46.4856,47.3721,46.0393,43.5571,183.4541,37.1991,32.0195,69.2186,3132.787,XLF,45.5183
HEALTH CARE,,,,,,,,,,,,1.7015,2.1259,1.9088,5.7362,1.7539,1.6734,1.5058,,4.9331,,,,,,0.2533,3.1446,3.1783,3.0835,9.6597,5.3948,6.1904,6.968,6.8446,25.3978,6.9762,6.83,6.9506,4.3618,25.1186,5.2396,5.3329,4.9185,3.7928,19.2838,3.7285,5.9035,6.1278,5.3777,21.1375,5.0179,5.4103,4.3699,3.513,18.3111,3.5595,2.4674,1.7727,2.3703,10.1699,2.4481,2.3081,2.2088,2.4324,9.3974,2.6724,2.7539,2.8031,2.865,11.0944,3.1368,3.0027,2.3589,2.1907,10.6891,2.3506,2.4556,2.1243,1.8053,8.7358,1.7537,1.6824,1.4225,1.7551,6.6137,1.8133,2.0027,1.6918,1.4715,6.9793,1.4125,1.2563,1.1835,1.4697,5.322,2.01,1.8579,3.8679,202.4473,XLV,1.4715
INDUSTRIALS,2.5412,2.4165,2.1217,2.2442,9.3236,2.4241,2.3803,2.4897,3.5228,10.8169,3.7573,2.6408,2.4383,2.1447,10.9811,2.0363,2.1357,2.1441,1.8195,8.1356,1.8115,2.0204,2.381,2.1647,8.3776,2.5494,2.5604,2.5505,2.5296,10.1899,2.5326,2.2468,1.475,1.4784,7.7328,1.4054,0.8232,0.6739,0.6871,3.5896,0.6641,0.7391,0.9997,1.2576,3.6605,1.7259,1.7699,0.3356,0.354,4.1854,0.3697,0.4555,0.6656,0.8518,2.3426,0.7591,0.6098,1.1633,1.4327,3.9649,1.4484,1.5752,1.6691,1.9929,6.6856,1.9487,1.7994,1.9364,2.7585,8.443,3.0816,3.0857,2.1097,2.4042,10.6812,1.753,1.7266,1.7396,0.3118,5.531,0.2733,0.0814,0.0732,0.0785,0.5064,0.0157,,,,0.0157,,,,,,,,,115.1634,XLI,
INFORMATION TECHNOLOGY,,1.7111,1.6766,1.3093,4.697,1.3339,0.9466,0.0496,1.4688,3.7989,1.8218,1.6809,1.2205,1.1048,5.828,0.941,0.9838,1.0174,0.933,3.8752,0.841,1.0551,0.9659,1.3233,4.1853,1.2649,0.946,0.4491,0.4647,3.1247,0.4678,0.5059,,,0.9737,,,,,,,,,,,,0.4326,0.4334,,0.866,1.3558,7.5304,17.3192,18.1852,44.3906,18.1321,17.538,18.5945,17.3243,71.5889,17.0943,14.1733,13.7065,12.1881,57.1622,12.4396,11.8241,12.3414,11.2918,47.8969,11.9199,11.8112,9.2203,8.4576,41.409,10.4006,10.6282,11.3561,13.6008,45.9857,18.4256,16.6952,14.6546,14.7946,64.57,21.2733,23.8424,26.7529,21.9066,93.7752,24.2341,24.2044,25.9615,29.7417,104.1417,35.5163,44.1837,79.7,677.969,XLK,21.9066
MATERIALS,1.2704,1.3049,1.1416,1.1057,4.8226,0.7209,1.0026,0.8122,1.0221,3.5578,1.0486,0.6377,0.2065,0.1747,2.0675,0.1559,0.1638,0.1509,0.1626,0.6332,0.1546,0.1423,0.1257,0.1258,0.5484,0.0927,0.0741,0.072,,0.2388,,,,,,,,,0.1944,0.1944,0.2878,0.3092,0.3261,0.3963,1.3194,0.4299,0.4031,0.3189,,1.1519,,,,,,,,,,,,,,,,,,,,,,0.6038,0.4614,0.4714,1.5366,0.5297,0.4771,0.512,1.0004,2.5192,1.0264,1.0479,0.978,1.1097,4.162,1.5443,0.376,0.3201,0.3104,2.5508,0.3066,0.3471,0.3408,0.3047,1.2992,0.2368,0.5466,0.7834,27.3852,XLB,0.3104
REAL ESTATE,,,,,,,,,,,,,,,,,,,,,,,,,,,,,,,,,,,,,,,,,,,,,,,,,,,,,,,,,,,,,,,,,,,,,,,,,,,,,,,,,,0.2578,0.2607,0.2536,0.7721,0.2446,0.2608,0.2341,0.288,1.0275,0.3127,0.297,0.3245,0.2865,1.2207,0.1922,0.2872,0.4794,3.4997,XLRE,0.288
TRANSPORTS,,,,,,,,,,,,,,,,,,,,,,,,,,0.2463,0.2471,1.1696,4.0931,5.7561,7.4368,6.9339,7.2103,8.4643,30.0453,10.0058,11.4198,9.6542,11.3783,42.4581,12.5923,12.829,12.1155,13.2121,50.7489,0.1807,0.1751,0.1963,0.1974,0.7495,0.1955,0.1841,0.1528,0.1581,0.6905,0.1532,0.0278,0.0056,0.0058,0.1924,0.006,0.0056,0.0059,0.006,0.0235,0.0055,0.0057,0.0054,0.006,0.0226,0.0054,0.0053,0.0046,0.0043,0.0196,0.0049,0.0049,1.0022,6.3178,7.3298,5.7001,6.3588,5.1698,5.4358,22.6645,5.2866,4.9049,5.1656,4.952,20.3091,4.8086,4.8536,4.7082,4.2145,18.5849,2.9493,0.0033,2.9526,202.5474,XLI,4.952
Utilities,0.5485,,,,0.5485,,,,,,,,,,,,,,,,,,,,,,,,,,,,,,,,,,0.9625,0.9625,0.7496,,,,0.7496,,,,,,,,,,,,,,,,,,,,,,,,,,,,,,,,,,,,,,,,,,,,,,,,,,,,,,2.2606,XLU,
UTILITIES AND TELECOMMUNICATIONS,,,0.0832,0.3818,0.465,,,,,,0.256,0.0905,0.0814,,0.4279,,,,,,,,,,,,,,,,,,,,,,0.2187,0.1771,0.3238,0.7196,0.31,0.3813,0.2991,0.2445,1.2349,0.2462,0.274,,,0.5202,,,,,,,,,,,,,,,,0.4957,0.6823,0.6917,0.6417,2.5114,0.6809,0.6381,2.0429,2.0577,5.4196,1.0137,1.0963,1.0229,0.0403,3.1732,0.0373,0.0365,0.0363,0.0286,0.1387,0.0279,0.0265,0.0256,0.0215,0.1015,0.0263,0.0225,0.0216,0.0216,0.092,0.0158,0.0126,0.0284,14.8324,XLU,0.0215
Grand Total,99.9999,99.8338,99.8667,100,399.7004,99.583,99.9999,100.0001,100,399.583,100,100,100,99.9997,399.9997,100,99.9998,100.0001,99.9999,399.9998,99.9998,100,99.9999,100,399.9997,100.0003,100.0001,99.9999,99.9999,400.0002,100.0001,100.0002,100.0002,99.4264,399.4269,99.9999,99.64,100.0002,99.9998,399.6399,99.9998,100,99.9999,100,399.9997,99.9999,100.0001,100.0001,100.0001,400.0002,100,99.9998,100.0002,99.9998,399.9998,100,99.9999,100,99.9998,399.9997,99.9997,100.0001,100.0004,100.0002,400.0004,100.0001,100,99.9999,99.9998,399.9998,99.9998,100.0002,99.9998,100,399.9998,99.9999,99.9998,100.0006,100.0001,400.0004,100.0001,100.0005,100,100.0002,400.0008,99.9999,99.9993,99.9998,100.0002,399.9992,100,99.9999,99.9999,99.9999,399.9997,100,100,200,7798.3491,,
,,,,,,,,,,,,,,,,,,,,,,,,,,,,,,,,,,,,,,,,,,,,,,,,,,,,,,,,,,,,,,,,,,,,,,,,,,,,,,,,,,,,,,,,,,,,,,,,,,,,,
,,,,,,,,,,,,,,,,,,,,,,,,,,,,,,,,,,,,,,,,,,,,,,,,,,,,,,,,,,,,,,,,,,,,,,,,,,,,,,,,,,,,,,,,,,,,,,,,,,,,,
Sum of Current % of Portfolio,Column Labels,,,,,,,,,,,,,,,,,,,,,,,,,,,,,,,,,,,,,,,,,,,,,,,,,,,,,,,,,,,,,,,,,,,,,,,,,,,,,,,,,,,,,,,,,,,,,,,,,,,,
Row Labels,Communications,CONSUMER DISCRETIONARY,CONSUMER STAPLES,ENERGY,FINANCE,HEALTH CARE,INDUSTRIALS,INFORMATION TECHNOLOGY,MATERIALS,REAL ESTATE,TRANSPORTS,Utilities,UTILITIES AND TELECOMMUNICATIONS,Grand Total,,,,,,,,,,,,,,,,,,,,,,,,,,,,,,,,,,,,,,,,,,,,,,,,,,,,,,,,,,,,,,,,,,,,,,,,,,,,,,,,,,,,,,,
2001,,,,,,,,,,,,,,,,,,,,,,,,,,,,,,,,,,,,,,,,,,,,,,,,,,,,,,,,,,,,,,,,,,,,,,,,,,,,,,,,,,,,,,,,,,,,,,,,,,,,,
Qtr1,5.5231,3.4773,43.5279,,43.1115,,2.5412,,1.2704,,,0.5485,,99.9999,,,,,,,,,,,,,,,,,,,,,,,,,,,,,,,,,,,,,,,,,,,,,,,,,,,,,,,,,,,,,,,,,,,,,,,,,,,,,,,,,,,,,,,
Qtr2,5.7885,4.8921,41.5455,,42.1752,,2.4165,1.7111,1.3049,,,,,99.8338,,,,,,,,,,,,,,,,,,,,,,,,,,,,,,,,,,,,,,,,,,,,,,,,,,,,,,,,,,,,,,,,,,,,,,,,,,,,,,,,,,,,,,,
Qtr3,5.6963,4.9522,46.0285,,38.1666,,2.1217,1.6766,1.1416,,,,0.0832,99.8667,,,,,,,,,,,,,,,,,,,,,,,,,,,,,,,,,,,,,,,,,,,,,,,,,,,,,,,,,,,,,,,,,,,,,,,,,,,,,,,,,,,,,,,
Qtr4,5.5975,5.6426,44.3632,,39.3557,,2.2442,1.3093,1.1057,,,,0.3818,100,,,,,,,,,,,,,,,,,,,,,,,,,,,,,,,,,,,,,,,,,,,,,,,,,,,,,,,,,,,,,,,,,,,,,,,,,,,,,,,,,,,,,,,
2002,,,,,,,,,,,,,,,,,,,,,,,,,,,,,,,,,,,,,,,,,,,,,,,,,,,,,,,,,,,,,,,,,,,,,,,,,,,,,,,,,,,,,,,,,,,,,,,,,,,,,
Qtr1,5.4681,5.1763,44.2882,,40.1715,,2.4241,1.3339,0.7209,,,,,99.583,,,,,,,,,,,,,,,,,,,,,,,,,,,,,,,,,,,,,,,,,,,,,,,,,,,,,,,,,,,,,,,,,,,,,,,,,,,,,,,,,,,,,,,
Qtr2,4.7015,4.8523,47.1022,,39.0144,,2.3803,0.9466,1.0026,,,,,99.9999,,,,,,,,,,,,,,,,,,,,,,,,,,,,,,,,,,,,,,,,,,,,,,,,,,,,,,,,,,,,,,,,,,,,,,,,,,,,,,,,,,,,,,,
Qtr3,5.7693,4.7905,45.639,0.007,40.4428,,2.4897,0.0496,0.8122,,,,,100.0001,,,,,,,,,,,,,,,,,,,,,,,,,,,,,,,,,,,,,,,,,,,,,,,,,,,,,,,,,,,,,,,,,,,,,,,,,,,,,,,,,,,,,,,
Qtr4,6.2341,4.8972,41.8464,0.0154,40.9932,,3.5228,1.4688,1.0221,,,,,100,,,,,,,,,,,,,,,,,,,,,,,,,,,,,,,,,,,,,,,,,,,,,,,,,,,,,,,,,,,,,,,,,,,,,,,,,,,,,,,,,,,,,,,
2003,,,,,,,,,,,,,,,,,,,,,,,,,,,,,,,,,,,,,,,,,,,,,,,,,,,,,,,,,,,,,,,,,,,,,,,,,,,,,,,,,,,,,,,,,,,,,,,,,,,,,
Qtr1,6.1783,5.0273,41.0535,0.0548,40.8024,,3.7573,1.8218,1.0486,,,,0.256,100,,,,,,,,,,,,,,,,,,,,,,,,,,,,,,,,,,,,,,,,,,,,,,,,,,,,,,,,,,,,,,,,,,,,,,,,,,,,,,,,,,,,,,,
Qtr2,6.25,5.0662,40.0735,0.0636,41.7953,1.7015,2.6408,1.6809,0.6377,,,,0.0905,100,,,,,,,,,,,,,,,,,,,,,,,,,,,,,,,,,,,,,,,,,,,,,,,,,,,,,,,,,,,,,,,,,,,,,,,,,,,,,,,,,,,,,,,
Qtr3,5.5013,5.0923,38.1021,0.0712,45.1605,2.1259,2.4383,1.2205,0.2065,,,,0.0814,100,,,,,,,,,,,,,,,,,,,,,,,,,,,,,,,,,,,,,,,,,,,,,,,,,,,,,,,,,,,,,,,,,,,,,,,,,,,,,,,,,,,,,,,
Qtr4,5.7908,5.1497,39.8249,0.1079,43.7934,1.9088,2.1447,1.1048,0.1747,,,,,99.9997,,,,,,,,,,,,,,,,,,,,,,,,,,,,,,,,,,,,,,,,,,,,,,,,,,,,,,,,,,,,,,,,,,,,,,,,,,,,,,,,,,,,,,,
2004,,,,,,,,,,,,,,,,,,,,,,,,,,,,,,,,,,,,,,,,,,,,,,,,,,,,,,,,,,,,,,,,,,,,,,,,,,,,,,,,,,,,,,,,,,,,,,,,,,,,,
Qtr1,6.1154,4.9432,39.0901,0.094,44.8702,1.7539,2.0363,0.941,0.1559,,,,,100,,,,,,,,,,,,,,,,,,,,,,,,,,,,,,,,,,,,,,,,,,,,,,,,,,,,,,,,,,,,,,,,,,,,,,,,,,,,,,,,,,,,,,,
Qtr2,6.2684,5.5731,39.7303,0.0843,43.387,1.6734,2.1357,0.9838,0.1638,,,,,99.9998,,,,,,,,,,,,,,,,,,,,,,,,,,,,,,,,,,,,,,,,,,,,,,,,,,,,,,,,,,,,,,,,,,,,,,,,,,,,,,,,,,,,,,,
Qtr3,6.5644,5.8829,35.7709,0.1036,46.8601,1.5058,2.1441,1.0174,0.1509,,,,,100.0001,,,,,,,,,,,,,,,,,,,,,,,,,,,,,,,,,,,,,,,,,,,,,,,,,,,,,,,,,,,,,,,,,,,,,,,,,,,,,,,,,,,,,,,
Qtr4,6.5314,5.9331,36.6667,0.097,47.8566,,1.8195,0.933,0.1626,,,,,99.9999,,,,,,,,,,,,,,,,,,,,,,,,,,,,,,,,,,,,,,,,,,,,,,,,,,,,,,,,,,,,,,,,,,,,,,,,,,,,,,,,,,,,,,,
2005,,,,,,,,,,,,,,,,,,,,,,,,,,,,,,,,,,,,,,,,,,,,,,,,,,,,,,,,,,,,,,,,,,,,,,,,,,,,,,,,,,,,,,,,,,,,,,,,,,,,,
Qtr1,6.0589,5.5664,41.8007,0.1114,43.6553,,1.8115,0.841,0.1546,,,,,99.9998,,,,,,,,,,,,,,,,,,,,,,,,,,,,,,,,,,,,,,,,,,,,,,,,,,,,,,,,,,,,,,,,,,,,,,,,,,,,,,,,,,,,,,,
Qtr2,5.5061,5.2941,42.6836,0.1243,43.1741,,2.0204,1.0551,0.1423,,,,,100,,,,,,,,,,,,,,,,,,,,,,,,,,,,,,,,,,,,,,,,,,,,,,,,,,,,,,,,,,,,,,,,,,,,,,,,,,,,,,,,,,,,,,,
Qtr3,4.217,4.9547,41.813,0.1307,45.4119,,2.381,0.9659,0.1257,,,,,99.9999,,,,,,,,,,,,,,,,,,,,,,,,,,,,,,,,,,,,,,,,,,,,,,,,,,,,,,,,,,,,,,,,,,,,,,,,,,,,,,,,,,,,,,,
Qtr4,3.5874,4.5801,39.675,0.1266,48.4171,,2.1647,1.3233,0.1258,,,,,100,,,,,,,,,,,,,,,,,,,,,,,,,,,,,,,,,,,,,,,,,,,,,,,,,,,,,,,,,,,,,,,,,,,,,,,,,,,,,,,,,,,,,,,
2006,,,,,,,,,,,,,,,,,,,,,,,,,,,,,,,,,,,,,,,,,,,,,,,,,,,,,,,,,,,,,,,,,,,,,,,,,,,,,,,,,,,,,,,,,,,,,,,,,,,,,
Qtr1,3.3622,4.4079,37.428,2.6096,47.786,0.2533,2.5494,1.2649,0.0927,,0.2463,,,100.0003,,,,,,,,,,,,,,,,,,,,,,,,,,,,,,,,,,,,,,,,,,,,,,,,,,,,,,,,,,,,,,,,,,,,,,,,,,,,,,,,,,,,,,,
Qtr2,3.2356,3.9479,36.5789,2.6184,46.6471,3.1446,2.5604,0.946,0.0741,,0.2471,,,100.0001,,,,,,,,,,,,,,,,,,,,,,,,,,,,,,,,,,,,,,,,,,,,,,,,,,,,,,,,,,,,,,,,,,,,,,,,,,,,,,,,,,,,,,,
Qtr3,2.8852,4.516,35.5601,2.2362,47.3829,3.1783,2.5505,0.4491,0.072,,1.1696,,,99.9999,,,,,,,,,,,,,,,,,,,,,,,,,,,,,,,,,,,,,,,,,,,,,,,,,,,,,,,,,,,,,,,,,,,,,,,,,,,,,,,,,,,,,,,
Qtr4,2.725,4.0214,34.7172,2.5188,45.8466,3.0835,2.5296,0.4647,,,4.0931,,,99.9999,,,,,,,,,,,,,,,,,,,,,,,,,,,,,,,,,,,,,,,,,,,,,,,,,,,,,,,,,,,,,,,,,,,,,,,,,,,,,,,,,,,,,,,
2007,,,,,,,,,,,,,,,,,,,,,,,,,,,,,,,,,,,,,,,,,,,,,,,,,,,,,,,,,,,,,,,,,,,,,,,,,,,,,,,,,,,,,,,,,,,,,,,,,,,,,
Qtr1,2.6315,3.4774,32.9191,2.2664,42.8737,5.3948,2.5326,0.4678,,,7.4368,,,100.0001,,,,,,,,,,,,,,,,,,,,,,,,,,,,,,,,,,,,,,,,,,,,,,,,,,,,,,,,,,,,,,,,,,,,,,,,,,,,,,,,,,,,,,,
Qtr2,2.3696,3.4687,34.804,2.3321,41.1488,6.1904,2.2468,0.5059,,,6.9339,,,100.0002,,,,,,,,,,,,,,,,,,,,,,,,,,,,,,,,,,,,,,,,,,,,,,,,,,,,,,,,,,,,,,,,,,,,,,,,,,,,,,,,,,,,,,,
Qtr3,2.2124,3.4122,36.8452,2.211,39.6661,6.968,1.475,,,,7.2103,,,100.0002,,,,,,,,,,,,,,,,,,,,,,,,,,,,,,,,,,,,,,,,,,,,,,,,,,,,,,,,,,,,,,,,,,,,,,,,,,,,,,,,,,,,,,,
Qtr4,2.1839,3.1124,40.064,2.2482,35.0306,6.8446,1.4784,,,,8.4643,,,99.4264,,,,,,,,,,,,,,,,,,,,,,,,,,,,,,,,,,,,,,,,,,,,,,,,,,,,,,,,,,,,,,,,,,,,,,,,,,,,,,,,,,,,,,,
2008,,,,,,,,,,,,,,,,,,,,,,,,,,,,,,,,,,,,,,,,,,,,,,,,,,,,,,,,,,,,,,,,,,,,,,,,,,,,,,,,,,,,,,,,,,,,,,,,,,,,,
Qtr1,1.8704,3.2954,40.5619,2.0077,33.8771,6.9762,1.4054,,,,10.0058,,,99.9999,,,,,,,,,,,,,,,,,,,,,,,,,,,,,,,,,,,,,,,,,,,,,,,,,,,,,,,,,,,,,,,,,,,,,,,,,,,,,,,,,,,,,,,
Qtr2,1.7142,2.9229,36.3963,8.8708,30.4441,6.83,0.8232,,,,11.4198,,0.2187,99.64,,,,,,,,,,,,,,,,,,,,,,,,,,,,,,,,,,,,,,,,,,,,,,,,,,,,,,,,,,,,,,,,,,,,,,,,,,,,,,,,,,,,,,,
Qtr3,1.4598,2.7933,35.6487,8.7992,33.8434,6.9506,0.6739,,,,9.6542,,0.1771,100.0002,,,,,,,,,,,,,,,,,,,,,,,,,,,,,,,,,,,,,,,,,,,,,,,,,,,,,,,,,,,,,,,,,,,,,,,,,,,,,,,,,,,,,,,
Qtr4,1.3531,2.4802,38.7792,7.9789,31.5005,4.3618,0.6871,,0.1944,,11.3783,0.9625,0.3238,99.9998,,,,,,,,,,,,,,,,,,,,,,,,,,,,,,,,,,,,,,,,,,,,,,,,,,,,,,,,,,,,,,,,,,,,,,,,,,,,,,,,,,,,,,,
2009,,,,,,,,,,,,,,,,,,,,,,,,,,,,,,,,,,,,,,,,,,,,,,,,,,,,,,,,,,,,,,,,,,,,,,,,,,,,,,,,,,,,,,,,,,,,,,,,,,,,,
Qtr1,1.5282,2.811,43.2825,6.8246,25.7101,5.2396,0.6641,,0.2878,,12.5923,0.7496,0.31,99.9998,,,,,,,,,,,,,,,,,,,,,,,,,,,,,,,,,,,,,,,,,,,,,,,,,,,,,,,,,,,,,,,,,,,,,,,,,,,,,,,,,,,,,,,
Qtr2,1.2665,2.443,39.2335,5.6555,31.81,5.3329,0.7391,,0.3092,,12.829,,0.3813,100,,,,,,,,,,,,,,,,,,,,,,,,,,,,,,,,,,,,,,,,,,,,,,,,,,,,,,,,,,,,,,,,,,,,,,,,,,,,,,,,,,,,,,,
Qtr3,1.5065,2.4374,39.3474,4.7415,33.3082,4.9185,0.9997,,0.3261,,12.1155,,0.2991,99.9999,,,,,,,,,,,,,,,,,,,,,,,,,,,,,,,,,,,,,,,,,,,,,,,,,,,,,,,,,,,,,,,,,,,,,,,,,,,,,,,,,,,,,,,
Qtr4,1.3676,2.3522,39.7473,3.3743,34.2553,3.7928,1.2576,,0.3963,,13.2121,,0.2445,100,,,,,,,,,,,,,,,,,,,,,,,,,,,,,,,,,,,,,,,,,,,,,,,,,,,,,,,,,,,,,,,,,,,,,,,,,,,,,,,,,,,,,,,
2010,,,,,,,,,,,,,,,,,,,,,,,,,,,,,,,,,,,,,,,,,,,,,,,,,,,,,,,,,,,,,,,,,,,,,,,,,,,,,,,,,,,,,,,,,,,,,,,,,,,,,
Qtr1,1.5631,2.9667,42.8704,3.4892,42.7993,3.7285,1.7259,,0.4299,,0.1807,,0.2462,99.9999,,,,,,,,,,,,,,,,,,,,,,,,,,,,,,,,,,,,,,,,,,,,,,,,,,,,,,,,,,,,,,,,,,,,,,,,,,,,,,,,,,,,,,,
Qtr2,1.5775,2.7636,42.918,3.1288,40.654,5.9035,1.7699,0.4326,0.4031,,0.1751,,0.274,100.0001,,,,,,,,,,,,,,,,,,,,,,,,,,,,,,,,,,,,,,,,,,,,,,,,,,,,,,,,,,,,,,,,,,,,,,,,,,,,,,,,,,,,,,,
Qtr3,1.4648,1.3697,45.5189,3.4961,40.7386,6.1278,0.3356,0.4334,0.3189,,0.1963,,,100.0001,,,,,,,,,,,,,,,,,,,,,,,,,,,,,,,,,,,,,,,,,,,,,,,,,,,,,,,,,,,,,,,,,,,,,,,,,,,,,,,,,,,,,,,
Qtr4,1.4947,0.5467,45.3304,3.8303,42.8689,5.3777,0.354,,,,0.1974,,,100.0001,,,,,,,,,,,,,,,,,,,,,,,,,,,,,,,,,,,,,,,,,,,,,,,,,,,,,,,,,,,,,,,,,,,,,,,,,,,,,,,,,,,,,,,
2011,,,,,,,,,,,,,,,,,,,,,,,,,,,,,,,,,,,,,,,,,,,,,,,,,,,,,,,,,,,,,,,,,,,,,,,,,,,,,,,,,,,,,,,,,,,,,,,,,,,,,
Qtr1,1.4401,0.5234,43.516,4.3423,43.2393,5.0179,0.3697,1.3558,,,0.1955,,,100,,,,,,,,,,,,,,,,,,,,,,,,,,,,,,,,,,,,,,,,,,,,,,,,,,,,,,,,,,,,,,,,,,,,,,,,,,,,,,,,,,,,,,,
Qtr2,1.3224,0.522,42.8614,3.9251,37.7886,5.4103,0.4555,7.5304,,,0.1841,,,99.9998,,,,,,,,,,,,,,,,,,,,,,,,,,,,,,,,,,,,,,,,,,,,,,,,,,,,,,,,,,,,,,,,,,,,,,,,,,,,,,,,,,,,,,,
Qtr3,0.9847,0.7864,40.5519,3.1722,31.9975,4.3699,0.6656,17.3192,,,0.1528,,,100.0002,,,,,,,,,,,,,,,,,,,,,,,,,,,,,,,,,,,,,,,,,,,,,,,,,,,,,,,,,,,,,,,,,,,,,,,,,,,,,,,,,,,,,,,
Qtr4,1.0194,2.0579,38.3216,3.2056,32.6872,3.513,0.8518,18.1852,,,0.1581,,,99.9998,,,,,,,,,,,,,,,,,,,,,,,,,,,,,,,,,,,,,,,,,,,,,,,,,,,,,,,,,,,,,,,,,,,,,,,,,,,,,,,,,,,,,,,
2012,,,,,,,,,,,,,,,,,,,,,,,,,,,,,,,,,,,,,,,,,,,,,,,,,,,,,,,,,,,,,,,,,,,,,,,,,,,,,,,,,,,,,,,,,,,,,,,,,,,,,
Qtr1,0.9956,2.8119,34.8744,2.9374,35.7768,3.5595,0.7591,18.1321,,,0.1532,,,100,,,,,,,,,,,,,,,,,,,,,,,,,,,,,,,,,,,,,,,,,,,,,,,,,,,,,,,,,,,,,,,,,,,,,,,,,,,,,,,,,,,,,,,
Qtr2,1.3415,3.4634,34.2787,3.6317,36.6416,2.4674,0.6098,17.538,,,0.0278,,,99.9999,,,,,,,,,,,,,,,,,,,,,,,,,,,,,,,,,,,,,,,,,,,,,,,,,,,,,,,,,,,,,,,,,,,,,,,,,,,,,,,,,,,,,,,
Qtr3,1.4171,3.9224,31.8274,3.9487,37.3483,1.7727,1.1633,18.5945,,,0.0056,,,100,,,,,,,,,,,,,,,,,,,,,,,,,,,,,,,,,,,,,,,,,,,,,,,,,,,,,,,,,,,,,,,,,,,,,,,,,,,,,,,,,,,,,,,
Qtr4,1.6022,5.1052,29.6344,4.2532,38.2717,2.3703,1.4327,17.3243,,,0.0058,,,99.9998,,,,,,,,,,,,,,,,,,,,,,,,,,,,,,,,,,,,,,,,,,,,,,,,,,,,,,,,,,,,,,,,,,,,,,,,,,,,,,,,,,,,,,,
2013,,,,,,,,,,,,,,,,,,,,,,,,,,,,,,,,,,,,,,,,,,,,,,,,,,,,,,,,,,,,,,,,,,,,,,,,,,,,,,,,,,,,,,,,,,,,,,,,,,,,,
Qtr1,2.6967,4.3483,29.0438,4.5646,38.3495,2.4481,1.4484,17.0943,,,0.006,,,99.9997,,,,,,,,,,,,,,,,,,,,,,,,,,,,,,,,,,,,,,,,,,,,,,,,,,,,,,,,,,,,,,,,,,,,,,,,,,,,,,,,,,,,,,,
Qtr2,2.8046,4.903,26.4369,7.6408,40.1526,2.3081,1.5752,14.1733,,,0.0056,,,100.0001,,,,,,,,,,,,,,,,,,,,,,,,,,,,,,,,,,,,,,,,,,,,,,,,,,,,,,,,,,,,,,,,,,,,,,,,,,,,,,,,,,,,,,,
Qtr3,3.3706,5.0822,25.3298,7.9299,40.6976,2.2088,1.6691,13.7065,,,0.0059,,,100.0004,,,,,,,,,,,,,,,,,,,,,,,,,,,,,,,,,,,,,,,,,,,,,,,,,,,,,,,,,,,,,,,,,,,,,,,,,,,,,,,,,,,,,,,
Qtr4,3.3422,5.4994,24.0969,7.8237,42.6186,2.4324,1.9929,12.1881,,,0.006,,,100.0002,,,,,,,,,,,,,,,,,,,,,,,,,,,,,,,,,,,,,,,,,,,,,,,,,,,,,,,,,,,,,,,,,,,,,,,,,,,,,,,,,,,,,,,
2014,,,,,,,,,,,,,,,,,,,,,,,,,,,,,,,,,,,,,,,,,,,,,,,,,,,,,,,,,,,,,,,,,,,,,,,,,,,,,,,,,,,,,,,,,,,,,,,,,,,,,
Qtr1,3.5837,5.0953,23.3243,6.3283,44.1066,2.6724,1.9487,12.4396,,,0.0055,,0.4957,100.0001,,,,,,,,,,,,,,,,,,,,,,,,,,,,,,,,,,,,,,,,,,,,,,,,,,,,,,,,,,,,,,,,,,,,,,,,,,,,,,,,,,,,,,,
Qtr2,2.8172,4.5523,24.2045,5.7154,45.6452,2.7539,1.7994,11.8241,,,0.0057,,0.6823,100,,,,,,,,,,,,,,,,,,,,,,,,,,,,,,,,,,,,,,,,,,,,,,,,,,,,,,,,,,,,,,,,,,,,,,,,,,,,,,,,,,,,,,,
Qtr3,3.1753,4.96,24.6078,5.1822,44.2966,2.8031,1.9364,12.3414,,,0.0054,,0.6917,99.9999,,,,,,,,,,,,,,,,,,,,,,,,,,,,,,,,,,,,,,,,,,,,,,,,,,,,,,,,,,,,,,,,,,,,,,,,,,,,,,,,,,,,,,,
Qtr4,3.6734,5.5553,25.1726,1.4382,46.5973,2.865,2.7585,11.2918,,,0.006,,0.6417,99.9998,,,,,,,,,,,,,,,,,,,,,,,,,,,,,,,,,,,,,,,,,,,,,,,,,,,,,,,,,,,,,,,,,,,,,,,,,,,,,,,,,,,,,,,
2015,,,,,,,,,,,,,,,,,,,,,,,,,,,,,,,,,,,,,,,,,,,,,,,,,,,,,,,,,,,,,,,,,,,,,,,,,,,,,,,,,,,,,,,,,,,,,,,,,,,,,
Qtr1,3.9864,5.7147,24.4618,1.2897,45.7226,3.1368,3.0816,11.9199,,,0.0054,,0.6809,99.9998,,,,,,,,,,,,,,,,,,,,,,,,,,,,,,,,,,,,,,,,,,,,,,,,,,,,,,,,,,,,,,,,,,,,,,,,,,,,,,,,,,,,,,,
Qtr2,3.9296,5.6822,22.5701,2.778,45.8935,3.0027,3.0857,11.8112,0.6038,,0.0053,,0.6381,100.0002,,,,,,,,,,,,,,,,,,,,,,,,,,,,,,,,,,,,,,,,,,,,,,,,,,,,,,,,,,,,,,,,,,,,,,,,,,,,,,,,,,,,,,,
Qtr3,3.6609,2.5618,36.986,4.3587,36.2346,2.3589,2.1097,9.2203,0.4614,,0.0046,,2.0429,99.9998,,,,,,,,,,,,,,,,,,,,,,,,,,,,,,,,,,,,,,,,,,,,,,,,,,,,,,,,,,,,,,,,,,,,,,,,,,,,,,,,,,,,,,,
Qtr4,3.8309,2.5482,37.3436,4.4234,36.268,2.1907,2.4042,8.4576,0.4714,,0.0043,,2.0577,100,,,,,,,,,,,,,,,,,,,,,,,,,,,,,,,,,,,,,,,,,,,,,,,,,,,,,,,,,,,,,,,,,,,,,,,,,,,,,,,,,,,,,,,
2016,,,,,,,,,,,,,,,,,,,,,,,,,,,,,,,,,,,,,,,,,,,,,,,,,,,,,,,,,,,,,,,,,,,,,,,,,,,,,,,,,,,,,,,,,,,,,,,,,,,,,
Qtr1,4.3394,2.5429,37.8417,5.7623,33.4611,2.3506,1.753,10.4006,0.5297,,0.0049,,1.0137,99.9999,,,,,,,,,,,,,,,,,,,,,,,,,,,,,,,,,,,,,,,,,,,,,,,,,,,,,,,,,,,,,,,,,,,,,,,,,,,,,,,,,,,,,,,
Qtr2,4.193,2.4467,39.0233,5.3208,32.6273,2.4556,1.7266,10.6282,0.4771,,0.0049,,1.0963,99.9998,,,,,,,,,,,,,,,,,,,,,,,,,,,,,,,,,,,,,,,,,,,,,,,,,,,,,,,,,,,,,,,,,,,,,,,,,,,,,,,,,,,,,,,
Qtr3,4.6683,2.6052,37.0579,5.0772,32.8349,2.1243,1.7396,11.3561,0.512,,1.0022,,1.0229,100.0006,,,,,,,,,,,,,,,,,,,,,,,,,,,,,,,,,,,,,,,,,,,,,,,,,,,,,,,,,,,,,,,,,,,,,,,,,,,,,,,,,,,,,,,
Qtr4,4.5384,2.4516,30.99,4.7116,34.2321,1.8053,0.3118,13.6008,1.0004,,6.3178,,0.0403,100.0001,,,,,,,,,,,,,,,,,,,,,,,,,,,,,,,,,,,,,,,,,,,,,,,,,,,,,,,,,,,,,,,,,,,,,,,,,,,,,,,,,,,,,,,
2017,,,,,,,,,,,,,,,,,,,,,,,,,,,,,,,,,,,,,,,,,,,,,,,,,,,,,,,,,,,,,,,,,,,,,,,,,,,,,,,,,,,,,,,,,,,,,,,,,,,,,
Qtr1,4.5999,2.36,29.299,3.9489,32.5759,1.7537,0.2733,18.4256,1.0264,,5.7001,,0.0373,100.0001,,,,,,,,,,,,,,,,,,,,,,,,,,,,,,,,,,,,,,,,,,,,,,,,,,,,,,,,,,,,,,,,,,,,,,,,,,,,,,,,,,,,,,,
Qtr2,4.952,2.3211,28.7883,4.115,33.6641,1.6824,0.0814,16.6952,1.0479,0.2578,6.3588,,0.0365,100.0005,,,,,,,,,,,,,,,,,,,,,,,,,,,,,,,,,,,,,,,,,,,,,,,,,,,,,,,,,,,,,,,,,,,,,,,,,,,,,,,,,,,,,,,
Qtr3,4.5962,2.3837,24.8369,4.1603,41.4278,1.4225,0.0732,14.6546,0.978,0.2607,5.1698,,0.0363,100,,,,,,,,,,,,,,,,,,,,,,,,,,,,,,,,,,,,,,,,,,,,,,,,,,,,,,,,,,,,,,,,,,,,,,,,,,,,,,,,,,,,,,,
Qtr4,4.1589,2.1294,23.3584,4.2678,42.6298,1.7551,0.0785,14.7946,1.1097,0.2536,5.4358,,0.0286,100.0002,,,,,,,,,,,,,,,,,,,,,,,,,,,,,,,,,,,,,,,,,,,,,,,,,,,,,,,,,,,,,,,,,,,,,,,,,,,,,,,,,,,,,,,
2018,,,,,,,,,,,,,,,,,,,,,,,,,,,,,,,,,,,,,,,,,,,,,,,,,,,,,,,,,,,,,,,,,,,,,,,,,,,,,,,,,,,,,,,,,,,,,,,,,,,,,
Qtr1,4.0511,2.0503,20.4535,2.3195,40.9198,1.8133,0.0157,21.2733,1.5443,0.2446,5.2866,,0.0279,99.9999,,,,,,,,,,,,,,,,,,,,,,,,,,,,,,,,,,,,,,,,,,,,,,,,,,,,,,,,,,,,,,,,,,,,,,,,,,,,,,,,,,,,,,,
Qtr2,3.9663,2.1549,19.9746,1.9939,40.4963,2.0027,,23.8424,0.376,0.2608,4.9049,,0.0265,99.9993,,,,,,,,,,,,,,,,,,,,,,,,,,,,,,,,,,,,,,,,,,,,,,,,,,,,,,,,,,,,,,,,,,,,,,,,,,,,,,,,,,,,,,,
Qtr3,3.6832,1.7898,16.9625,0.7871,42.5871,1.6918,,26.7529,0.3201,0.2341,5.1656,,0.0256,99.9998,,,,,,,,,,,,,,,,,,,,,,,,,,,,,,,,,,,,,,,,,,,,,,,,,,,,,,,,,,,,,,,,,,,,,,,,,,,,,,,,,,,,,,,
Qtr4,3.8247,2.4705,18.5125,0.7242,45.5183,1.4715,,21.9066,0.3104,0.288,4.952,,0.0215,100.0002,,,,,,,,,,,,,,,,,,,,,,,,,,,,,,,,,,,,,,,,,,,,,,,,,,,,,,,,,,,,,,,,,,,,,,,,,,,,,,,,,,,,,,,
2019,,,,,,,,,,,,,,,,,,,,,,,,,,,,,,,,,,,,,,,,,,,,,,,,,,,,,,,,,,,,,,,,,,,,,,,,,,,,,,,,,,,,,,,,,,,,,,,,,,,,,
Qtr1,3.7933,2.8975,15.283,0.4398,46.4856,1.4125,,24.2341,0.3066,0.3127,4.8086,,0.0263,100,,,,,,,,,,,,,,,,,,,,,,,,,,,,,,,,,,,,,,,,,,,,,,,,,,,,,,,,,,,,,,,,,,,,,,,,,,,,,,,,,,,,,,,
Qtr2,3.9006,2.109,15.2266,0.4107,47.3721,1.2563,,24.2044,0.3471,0.297,4.8536,,0.0225,99.9999,,,,,,,,,,,,,,,,,,,,,,,,,,,,,,,,,,,,,,,,,,,,,,,,,,,,,,,,,,,,,,,,,,,,,,,,,,,,,,,,,,,,,,,
Qtr3,3.7923,2.072,14.996,0.5602,46.0393,1.1835,,25.9615,0.3408,0.3245,4.7082,,0.0216,99.9999,,,,,,,,,,,,,,,,,,,,,,,,,,,,,,,,,,,,,,,,,,,,,,,,,,,,,,,,,,,,,,,,,,,,,,,,,,,,,,,,,,,,,,,
Qtr4,3.6987,1.9173,14.2518,0.5363,43.5571,1.4697,,29.7417,0.3047,0.2865,4.2145,,0.0216,99.9999,,,,,,,,,,,,,,,,,,,,,,,,,,,,,,,,,,,,,,,,,,,,,,,,,,,,,,,,,,,,,,,,,,,,,,,,,,,,,,,,,,,,,,,
2020,,,,,,,,,,,,,,,,,,,,,,,,,,,,,,,,,,,,,,,,,,,,,,,,,,,,,,,,,,,,,,,,,,,,,,,,,,,,,,,,,,,,,,,,,,,,,,,,,,,,,
Qtr1,4.1155,1.7667,15.7388,0.2595,37.1991,2.01,,35.5163,0.2368,0.1922,2.9493,,0.0158,100,,,,,,,,,,,,,,,,,,,,,,,,,,,,,,,,,,,,,,,,,,,,,,,,,,,,,,,,,,,,,,,,,,,,,,,,,,,,,,,,,,,,,,,
Qtr2,4.0496,1.8705,15.0092,0.1599,32.0195,1.8579,,44.1837,0.5466,0.2872,0.0033,,0.0126,100,,,,,,,,,,,,,,,,,,,,,,,,,,,,,,,,,,,,,,,,,,,,,,,,,,,,,,,,,,,,,,,,,,,,,,,,,,,,,,,,,,,,,,,
Grand Total,279.0355,277.324,2646.2241,216.8735,3132.787,202.4473,115.1634,677.969,27.3852,3.4997,202.5474,2.2606,14.8324,7798.3491,,,,,,,,,,,,,,,,,,,,,,,,,,,,,,,,,,,,,,,,,,,,,,,,,,,,,,,,,,,,,,,,,,,,,,,,,,,,,,,,,,,,,,,
